x (geom),y (geom),radius,x (center),y (center),thresh (respect),thresh (absolute),Mapped,cross15,fdr
59.0,51.0,1.1313708499,59.0,51.0,1.29202876057,100.937016917,True,False,-0.280085320977
45.0,34.0,1.1313708499,45.0,34.0,1.41284876176,121.738854042,True,False,-0.0227579949706
136.0,127.0,1.1313708499,136.0,127.0,1.65991851041,120.875025913,True,False,0.400825766977
148.0,137.0,1.1313708499,148.0,137.0,1.30762212008,77.8709476296,True,False,-0.0227579949706
231.0,221.0,1.1313708499,231.0,221.0,2.39152359806,129.28859466,True,False,0.136316863174
388.0,382.0,1.1313708499,388.0,382.0,1.7418600257,139.714656274,True,False,-0.312445462259
402.0,389.0,1.1313708499,402.0,389.0,1.20797295121,93.3672037901,True,False,-0.11936764988
473.0,464.0,1.1313708499,473.0,464.0,1.25678259603,93.4427664424,False,False,0.400825766977
485.0,477.0,1.1313708499,485.0,477.0,1.26943027177,156.399791908,True,False,-0.280085320977
496.0,485.0,1.1313708499,496.0,485.0,2.00050127728,144.539849434,True,False,-0.0227579949706
524.0,515.0,1.1313708499,524.0,515.0,1.04278836401,91.763774576,True,False,0.400825766977
648.0,640.0,1.1313708499,648.0,640.0,1.87056939771,106.833529396,True,False,-0.280085320977
832.0,818.0,1.1313708499,832.0,818.0,1.80182996447,138.383648716,True,False,-1.57095436093
840.0,833.0,1.1313708499,840.0,833.0,1.49539252626,139.297432717,True,False,0.252628100287
917.0,902.0,1.1313708499,917.0,902.0,1.64344922253,82.8718626811,True,False,-0.990513100622
934.0,926.0,1.1313708499,934.0,926.0,1.0018473444,133.032289187,True,False,-0.280085320977
1082.0,1074.0,1.1313708499,1082.0,1074.0,1.71957806293,161.876996584,True,False,-0.280085320977
1100.0,1088.0,1.1313708499,1100.0,1088.0,1.46276919591,100.778654509,True,False,-0.504362914015
1118.0,1110.0,1.1313708499,1118.0,1109.0,1.3498482629,99.155841559,True,False,0.400825766977
1143.0,1134.0,1.1313708499,1143.0,1134.0,1.454348557,144.690769304,True,False,0.400825766977
1344.0,1333.0,1.1313708499,1344.0,1333.0,1.42790204076,136.64068009,True,False,-0.0227579949706
1344.0,1327.0,1.1313708499,1344.0,1327.0,1.51491283532,67.0079454019,False,False,0.306370317017
1358.0,1349.0,1.1313708499,1358.0,1349.0,1.58230062286,166.430220513,True,False,0.400825766977
1513.0,1503.0,1.1313708499,1513.0,1503.0,1.18925075865,98.4143463977,True,False,0.136316863174
1522.0,1512.0,1.1313708499,1522.0,1512.0,1.50446203518,69.1319546636,True,False,0.136316863174
